{"phi": {"thresh": 1.0, "k": 1.0, "r_max": 0.3, "beta": 6.0}, "E_E": 4.666666666666667, "g_S": 0.5, "g_L": 0.06666666666666667, "g_Na": 2.0, "g_K": 1.5, "E_K": -1.3333333333333333, "g_D": 2.0, "E_I": -0.3333333333333333, "E_L": 0.0, "t_ref": 4.0, "E_Na": 8.666666666666666}