{
  "g_K": 1.5,
  "E_K": -1.3333333,
  "g_Na": 2.0,
  "E_Na": 8.66666666666666666,
  "g_L": 0.06666666666666667,
  "E_L": 0.0,
  "g_D": 2.0,
  "g_S": 0.5,
  "E_E": 4.666666666666,
  "E_I": -0.33333333,
  "tau_ref": 4.0,
  "tau_s": 3,
  "t_rise": 1.0,
  "t_fall": 3.0,
  "delta_factor": 1.0,
  "phi": {
    "thresh": 1.0,
    "k": 1.0,
    "r_max": 0.3,
    "beta": 6.0
  }
}
